text,rating,char_count,word_count,sentence_count,avg_word_length,avg_sentence_length,long_word_ratio,complex_word_ratio,lexical_diversity,comma_per_sentence,parentheses_ratio,sentence_complexity,punctuation_ratio,number_count,digit_ratio,upper_word_ratio,legal_term_count,legal_term_ratio
I. BEVEZETŐ RENDELKEZÉSEK,4,25,3,2,7.666666666666667,1.5,0.3333333333333333,0.3333333333333333,1.0,0.0,0.0,1.5,0.04,0,0.0,1.0,1,0.3333333333333333
A Magyarország helyi önkormányzatairól szóló 2011. évi CLXXXIX. törvény 23. § (4) bekezdése szerint a Budapest Fővárosi Önkormányzatának (a továbbiakban: Önkormányzat) kiemelt feladata – többek között – a helyi közösségi közlekedés biztosítása és működtetése.,2,259,34,4,6.647058823529412,8.5,0.29411764705882354,0.20588235294117646,0.8823529411764706,0.0,0.11764705882352941,8.5,0.04633204633204633,3,0.02702702702702703,0.029411764705882353,3,0.08823529411764706
"Az Önkormányzat a Budapest közlekedésszervezési feladatainak ellátásáról szóló 20/2012. (III. 14.) Főv. Kgy. rendeletben (a továbbiakban: Kijelölő rendelet) a személyszállítási szolgáltatásokról szóló 2012. évi XLI. törvény, a vasúti közlekedésről szóló 2005. évi LXXXVI. törvény, továbbá a közúti közlekedésről szóló 1988. évi I. törvény alapján feladatainak – Kijelölő rendeletben meghatározott körben és módon történő – ellátására a BKK Zrt.-t, mint közlekedésszervezőt jelölte ki. A BKK Zrt. az Önkormányzat 100%-os tulajdonában álló, közfeladat ellátására és közszolgáltatás biztosítására létrehozott gazdasági társaság.",1,625,78,15,7.0256410256410255,5.2,0.32051282051282054,0.24358974358974358,0.7307692307692307,0.26666666666666666,0.05128205128205128,5.477333333333333,0.048,7,0.0368,0.07692307692307693,9,0.11538461538461539
"A Kijelölő rendelet, valamint az Önkormányzat és a BKK Zrt. között 2016. április 1-jei hatállyal létrejött Feladatellátásról és közszolgáltatásról szóló keretmegállapodás (a továbbiakban: Keretmegállapodás) alapján a BKK Zrt. mint közlekedésszervező feladatellátásával elérni kívánt célok között szerepel az egységes jegyértékesítési rendszer és utastájékoztatás megvalósítása. A BKK Zrt. mint közlekedésszervező nevesített feladatai között szerepel a jegy- és bérletértékesítés, a jegy- és bérletellenőrzés, valamint a bevételek beszedése, ideértve az ezekhez szorosan kapcsolódó, jogszabályban előírt feladatokat is. Továbbá az előre tervezett utastájékoztatás megvalósítása és a BKK Zrt. által szervezett közlekedés járműveit üzemeltető vállalkozások tájékoztatási feladatainak elrendelése, az üzemeltetők kötelezése a szükséges tájékoztatási feladatok ellátására és a rendkívüli utastájékoztatási feladatok végrehajtása.",1,924,106,8,7.726415094339623,13.25,0.42452830188679247,0.25471698113207547,0.6698113207547169,0.75,0.018867924528301886,15.237499999999999,0.021645021645021644,2,0.005411255411255411,0.03773584905660377,11,0.10377358490566038
"A BKK Zrt. BudapestGO nevű mobilalkalmazása a fenti feladatok végrehajtását támogatja egy megújuló, integrált platformon. A BKK Zrt. ebben az egységes, integrált mobilalkalmazásban biztosítja az utazástervezési szolgáltatásokat, személyre szabott, valós idejű utazási információk nyújtását, valamint regisztrációt követően az utazási jogosultságok megvásárlásának lehetőségét, mely szolgáltatás a Nemzeti Mobilfizetési Zrt. (NM Zrt.) által biztosított központosított mobilértékesítésű szolgáltatáson alapul. A BKK Zrt. az NM Zrt.-vel kötött egyedi viszonteladói szerződés alapján jogosult az utazási jogosultságok vásárlásával kapcsolatos szolgáltatások közvetítésére.",2,668,75,9,7.92,8.333333333333334,0.4533333333333333,0.30666666666666664,0.7733333333333333,0.6666666666666666,0.02666666666666667,9.444444444444445,0.02694610778443114,0,0.0,0.06666666666666667,12,0.16
"Az Alkalmazásban elérhető jegyek és bérletek árai az érintett szolgáltató által az NM Zrt., és rajta keresztül a viszonteladók számára megadott ár.",3,147,22,2,5.7272727272727275,11.0,0.18181818181818182,0.13636363636363635,0.8636363636363636,0.5,0.0,12.100000000000001,0.02040816326530612,0,0.0,0.045454545454545456,1,0.045454545454545456
"• Alkalmazás: a BudapestGO mobilalkalmazás, a BKK Zrt. által a jelen ÁSZF-ben meghatározottak szerint működtetett, a BudapestGO Felhasználók számára a Budapesten hozzáférhető önkormányzati közszolgáltatásokhoz és közérdeklődésre számot tartó egyéb szolgáltatásokhoz kapcsolódó információkhoz hozzáférést és az ezekkel kapcsolatos ügyekben kommunikációs felületet biztosító mobil alkalmazás, mellyel a Szolgáltatás igénybe vehető. Ingyenesen elérhető AppStore-ban és a Google Play Áruházban. Az Alkalmazás informatikai üzemeltetője: a BKK Zrt. szerződéses partnere az Alkalmazás megfelelő működéséhez szükséges informatikai feladatok ellátására (jelenleg a Telekom Rendszerintegráció Zrt.)",3,688,78,6,7.833333333333333,13.0,0.48717948717948717,0.2948717948717949,0.782051282051282,0.5,0.02564102564102564,14.3,0.02180232558139535,0,0.0,0.02564102564102564,7,0.08974358974358974
"• ÁSZF: A jelen Általános szerződési feltételek mellékleteivel együtt, beleértve ezen ÁSZF mindenkori módosításait is.",4,118,15,1,6.933333333333334,15.0,0.4666666666666667,0.13333333333333333,1.0,1.0,0.0,18.0,0.03389830508474576,0,0.0,0.13333333333333333,4,0.26666666666666666
"• BKK-azonosító: hatjegyű alfanumerikus karakterlánc, melyet a regisztrációkor a rendszer automatikusan generál és a Felhasználó részére a sikeres regisztrációt követően e-mailben elküld, valamint megtalálható a Felhasználói fiókban.",5,233,27,1,7.666666666666667,27.0,0.37037037037037035,0.3333333333333333,0.8518518518518519,2.0,0.0,37.8,0.030042918454935622,0,0.0,0.0,0,0.0
"• BKK Zrt.: BKK Budapesti Közlekedési Központ Zártkörűen Működő Részvénytársaság Budapest Főváros Önkormányzata által jegy- és bérletértékesítésre, valamint utastájékoztatásra kijelölt szervezet, amely az Alkalmazást üzemelteti és a Szolgáltatásokat nyújtja.",3,258,29,2,7.931034482758621,14.5,0.3793103448275862,0.2413793103448276,0.9310344827586207,1.0,0.0,17.4,0.027131782945736434,0,0.0,0.06896551724137931,3,0.10344827586206896
"• E-mail-cím: a Felhasználó által az Alkalmazásban a regisztrációhoz és a Hírlevél-feliratkozáshoz megadott érvényes és létező, a Felhasználóhoz tartozó saját, valós e-mail-cím, amelyet a használat során a Személyes adatok menüpontban bármikor módosíthat.",5,255,32,1,7.0,32.0,0.34375,0.28125,0.8125,3.0,0.0,51.2,0.043137254901960784,0,0.0,0.0,3,0.09375
"• Felhasználó: az a természetes személy, aki az Alkalmazást letölti, használja, illetve további bizonyos funkciók és Szolgáltatások használatához regisztrálja magát, ezzel jogosulttá válik arra, hogy az Alkalmazás regisztrációhoz kötött funkcióit használja, illetve az Alkalmazáson keresztül a Szolgáltatásokat igénybe vegye. A Felhasználó fogalma egyúttal magában foglalja a Ptk. 8:1. § 3. pontja értelmében vett fogyasztót, aki a szakmája, önálló foglalkozása vagy üzleti tevékenysége körén kívül eljáró természetes személy.",3,526,67,5,6.865671641791045,13.4,0.3283582089552239,0.208955223880597,0.835820895522388,1.6,0.0,17.688000000000002,0.03231939163498099,3,0.005703422053231939,0.0,6,0.08955223880597014
"• Felhasználói fiók: az Alkalmazás menüpontja, amelyben a Felhasználó saját adatai elérhetők. Ilyen adatok a Felhasználónak a Szolgáltatások igénybevételéhez kapcsolódó adatai, valamint elszámolási, illetve pénzforgalmi adatok. A Felhasználói fiók mutatja a Felhasználó termékeit, illetve az Alkalmazáson keresztül a Felhasználó részére továbbított értesítéseket.",5,363,42,3,7.666666666666667,14.0,0.4523809523809524,0.3333333333333333,0.7619047619047619,1.3333333333333333,0.0,17.733333333333334,0.024793388429752067,0,0.0,0.0,4,0.09523809523809523
"• Jelszó: a Felhasználó által a Regisztráció során megadott, a regisztrációhoz kötött Szolgáltatás igénybevételéhez szükséges egyedi jelszó.",5,140,17,1,7.294117647058823,17.0,0.4117647058823529,0.29411764705882354,0.8823529411764706,1.0,0.0,20.4,0.02857142857142857,0,0.0,0.0,3,0.17647058823529413
"• Közlekedési mobiljegy: az Alkalmazáson keresztül megvásárolható, az egyes közszolgáltatások egységes elektronikus értékesítéséről szóló 2020. évi CXLV. törvény 1. § d) pontja szerinti személyszállítási szolgáltatás igénybevételéhez szükséges elektronikus közlekedési jegy.",3,274,30,4,8.166666666666666,7.5,0.4666666666666667,0.36666666666666664,0.9,0.25,0.03333333333333333,7.875,0.032846715328467155,2,0.01824817518248175,0.03333333333333333,7,0.23333333333333334
• Név: a Felhasználó személyazonosító igazolványában megjelölt teljes neve.,5,75,9,1,7.444444444444445,9.0,0.4444444444444444,0.3333333333333333,1.0,0.0,0.0,9.0,0.04,0,0.0,0.0,0,0.0
• Ptk.: a Polgári törvénykönyvről szóló 2013. évi V. törvény,4,60,10,4,5.1,2.5,0.1,0.1,1.0,0.0,0.0,2.5,0.08333333333333333,1,0.06666666666666667,0.1,2,0.2
"• Regisztráció: a Felhasználó az Alkalmazáson keresztül önkiszolgáló módon a jelen ÁSZF szerinti adatainak megadásával regisztrálja magát az Alkalmazásban, amely az Alkalmazáson keresztül nyújtott, egyes Szolgáltatások igénybevételének a feltétele.",3,248,29,1,7.586206896551724,29.0,0.5172413793103449,0.3448275862068966,0.7931034482758621,2.0,0.0,40.599999999999994,0.020161290322580645,0,0.0,0.034482758620689655,5,0.1724137931034483
"• Szolgáltatás: az Alkalmazáson mint integrált rendszeren keresztül a BKK Zrt. által felkínált online szolgáltatások időben bővülő összessége, amelyeket a Felhasználók igénybe vehetnek. A szolgáltatások körét a BKK Zrt. jogosult saját döntési jogkörében eljárva bármikor szabadon meghatározni, módosítani, aszolgáltatásokat újabb funkciókkal vagy lehetőségekkel bővíteni, meglévő szolgáltatásokat, azok bármilyen tulajdonságát egyoldalúan bármikor módosítani vagy az egyes szolgáltatásokat felfüggeszteni, illetve a szolgáltatásokkal együtt az Alkalmazás egészét megszüntetni.",3,576,65,4,7.876923076923077,16.25,0.4461538461538462,0.27692307692307694,0.8307692307692308,1.5,0.0,21.125,0.020833333333333332,0,0.0,0.03076923076923077,9,0.13846153846153847
"• Szolgáltató: az a Közösségi Közlekedési Szolgáltató, amelynek a Közlekedési mobiljegy termékei elérhetők az Alkalmazásban (pl. BKK Zrt., Volánbusz Zrt. stb).",4,159,21,4,6.619047619047619,5.25,0.42857142857142855,0.23809523809523808,0.8571428571428571,0.5,0.09523809523809523,5.775,0.06289308176100629,0,0.0,0.047619047619047616,0,0.0
• Szsztv.: a személyszállítási szolgáltatásokról szóló 2012. évi XLI. törvény,3,77,10,4,6.8,2.5,0.2,0.2,1.0,0.0,0.0,2.5,0.06493506493506493,1,0.05194805194805195,0.1,2,0.2
• Ügyfélközpontok: a BKK honlapján az Elérhetőségek aloldalon (https://bkk.hu/magunkrol/elerhetosegek/) a BKK Ügyfélközpontok szekcióban megjelölt személyes értékesítési helyszínek,4,180,17,2,9.647058823529411,8.5,0.6470588235294118,0.29411764705882354,0.8823529411764706,0.0,0.11764705882352941,8.5,0.06111111111111111,0,0.0,0.11764705882352941,3,0.17647058823529413
"• Üzletszabályzat: a BKK Zrt. Üzletszabályzata egységes szerkezetbe foglalja azokat a jogokat és kötelezettségeket, amelyek egyrészt a BKK Zrt., másrészt a BKK Zrt. által szervezett fővárosi helyi vonalak, továbbá az agglomerációs autóbuszvonalak, valamint a HÉV (elővárosi vasút) által alkotott személyszállítási közszolgáltatási hálózatot igénybe vevőkre vonatkoznak. Az Üzletszabályzat feltünteti azokat a jogokat és kötelezettségeket is, amelyek a BKK Zrt.-vel közszolgáltatási szerződést kötött közlekedési szolgáltatók és az utasok között létrejövő személyszállítási közszolgáltatási jogviszonyban, a személyszállítási szerződésben érvényesülnek. Az Üzletszabályzat elérhető a https://bkk.hu/jegyek-es-berletek/utazasi-feltetelek/ weboldalon.",3,748,81,8,8.246913580246913,10.125,0.35802469135802467,0.2839506172839506,0.6790123456790124,0.75,0.024691358024691357,11.643749999999999,0.0374331550802139,0,0.0,0.06172839506172839,15,0.18518518518518517
III. Az ÁSZF hatálya,5,20,4,2,4.25,2.0,0.0,0.0,1.0,0.0,0.0,2.0,0.05,0,0.0,0.5,1,0.25
"1. Általános szerződési feltételnek (a továbbiakban: ÁSZF) minősül az olyan szerződési feltétel, amelyet az egyik fél több szerződés megkötése céljából egyoldalúan, a másik fél közreműködése nélkül előre meghatároz, és amelyet a felek egyedileg nem tárgyalnak meg. Az Általános szerződési feltétel csak akkor válik a felek megállapodása, illetőleg a szerződés részévé, ha a másik fél annak tartalmát elismerte, és ha azt a másik fél kifejezetten, ennek hiányában ráutaló magatartással elfogadta. Jelen ÁSZF a Ptk. 6:77. §-ában hivatkozott általános szerződési feltételnek tekintendő, és akként kezelendő.",1,604,83,6,6.289156626506024,13.833333333333334,0.3614457831325301,0.13253012048192772,0.6987951807228916,1.3333333333333333,0.024096385542168676,17.522222222222222,0.033112582781456956,3,0.006622516556291391,0.024096385542168676,11,0.13253012048192772
2. Jelen ÁSZF a BKK Zrt. és a Felhasználó között az Alkalmazás használatával kapcsolatos jogviszonyt kívánja egységes módon szabályozni.,4,136,19,3,6.2105263157894735,6.333333333333333,0.3157894736842105,0.2631578947368421,0.9473684210526315,0.0,0.0,6.333333333333333,0.022058823529411766,1,0.007352941176470588,0.10526315789473684,1,0.05263157894736842
"3. A jelen ÁSZF hatálya kiterjed a BKK Zrt.-re mint az Alkalmazás Szolgáltatásainak rendelkezésre bocsátójára, valamint a Felhasználóra.",4,136,18,3,6.611111111111111,6.0,0.2777777777777778,0.2222222222222222,0.8888888888888888,0.3333333333333333,0.0,6.4,0.03676470588235294,1,0.007352941176470588,0.1111111111111111,3,0.16666666666666666
4. A Jelen ÁSZF első közzétételének napja 2023. november 3.. A jelen ÁSZF a címlapon rögzített időponttól hatályos és határozatlan ideig szól.,4,142,22,4,5.5,5.5,0.18181818181818182,0.09090909090909091,0.8181818181818182,0.0,0.0,5.5,0.035211267605633804,3,0.04225352112676056,0.09090909090909091,2,0.09090909090909091
"5. A BKK Zrt. fenntartja a jogot, hogy a Szolgáltatás nyújtásának módján és körülményein az ÁSZF módosítására vonatkozó rendelkezéseinek betartása mellett változtasson, illetve hogy a Szolgáltatás nyújtását felfüggessze vagy beszüntesse.",4,237,30,3,6.933333333333334,10.0,0.43333333333333335,0.3,0.8333333333333334,0.6666666666666666,0.0,11.333333333333332,0.02109704641350211,1,0.004219409282700422,0.06666666666666667,5,0.16666666666666666
"6. A jelen ÁSZF módosítását a BKK Zrt. a módosítás hatályba lépését legalább 15 (tizenöt) naptári nappal megelőzően közzéteszi a www.bkk.hu/budapestgo weboldalon és a BudapestGO alkalmazásban a Továbbiak/Beállítások/Dokumentumok menüpontban, továbbá a BudapestGO regisztrált felhasználóknak elküldi e-mailben is.",5,312,37,5,7.45945945945946,7.4,0.40540540540540543,0.1891891891891892,0.8108108108108109,0.2,0.05405405405405406,7.696000000000001,0.038461538461538464,2,0.009615384615384616,0.05405405405405406,3,0.08108108108108109
"7. A BKK fenntartja jogát az ÁSZF egyoldalú módosítására. Az ÁSZF módosítása esetén a BKK Zrt. a fenti határidőben az Alkalmazáson keresztül értesítés küldésével is tájékoztatja a Regisztrált felhasználókat az ÁSZF vonatkozó módosításáról, illetve arról, hogyan tudják elfogadni a változásokat. Ha az ÁSZF-módosítás hatályba lépését követően a Felhasználó tovább használja a Szolgáltatást, azáltal a módosított feltételek szerinti tartalommal elfogadja az új ÁSZF-et.",4,467,62,5,6.548387096774194,12.4,0.3870967741935484,0.1935483870967742,0.7580645161290323,0.6,0.0,13.888000000000002,0.021413276231263382,1,0.0021413276231263384,0.08064516129032258,10,0.16129032258064516
"8. Az ÁSZF módosítása minden esetben egységes szerkezetű ÁSZF közzétételével történik, és annak hatályba lépésével a korábbi ÁSZF hatályát veszti.",4,146,20,2,6.35,10.0,0.25,0.05,0.9,0.5,0.0,11.0,0.02054794520547945,1,0.00684931506849315,0.15,1,0.05
"9. Jelen ÁSZF magyar és angol nyelven készült, és azokat a BKK Zrt. mindkét nyelven közzéteszi a www.bkk.hu/budapestgo weboldalon, valamint hozzáférhető papíralapon a BKK Zrt. ügyfélközpontjaiban. A két verzió közötti eltérés esetén a magyar nyelvű változat az irányadó.",5,270,38,7,6.131578947368421,5.428571428571429,0.18421052631578946,0.13157894736842105,0.7631578947368421,0.2857142857142857,0.0,5.738775510204082,0.037037037037037035,1,0.003703703703703704,0.07894736842105263,1,0.02631578947368421
IV. AZ ÁSZF ELFOGADÁSA,5,22,4,2,4.75,2.0,0.25,0.0,1.0,0.0,0.0,2.0,0.045454545454545456,0,0.0,1.0,0,0.0
"1. A Felhasználó az Alkalmazásba történő regisztrációja alkalmával magára nézve kötelezőnek fogadja el a jelen ÁSZF-ben foglalt szerződési feltételeket, továbbá az Adatvédelmi tájékoztatót, a BKK Zrt. Üzletszabályzatát, a Marketingnyilatkozatot, illetve a Licencfeltételeket.",4,275,32,3,7.625,10.666666666666666,0.375,0.3125,0.84375,1.3333333333333333,0.0,13.51111111111111,0.02909090909090909,1,0.0036363636363636364,0.03125,6,0.1875
"2. A Felhasználó tudomásul veszi, hogy az Alkalmazás egyes Szolgáltatásait csak abban az esetben jogosult használni, ha a jelen ÁSZF-et magára nézve kötelezően elfogadta, illetve regisztrált.",4,191,26,2,6.384615384615385,13.0,0.3076923076923077,0.11538461538461539,0.9230769230769231,1.5,0.0,16.900000000000002,0.031413612565445025,1,0.005235602094240838,0.0,3,0.11538461538461539
"3. Az Alkalmazásban elérhető Szolgáltatásokról a BKK Zrt. és a Felhasználó között online szerződés (a továbbiakban: Szerződés) jön létre, amely kizárólag elektronikus adatátvitel útján az Alkalmazáson keresztül köthető meg, és nem minősül írásbeli szerződésnek. A Szerződés a regisztráció aktiválásakor jön létre. Az Alkalmazás meglátogatása, az azon való barangolás, illetve a regisztráció folyamatának elindítása önmagában nem hozza létre a Szerződést (vagy egyéb szerződést) a BKK Zrt. és a Felhasználó között.",3,513,69,6,6.449275362318841,11.5,0.36231884057971014,0.2318840579710145,0.7246376811594203,0.6666666666666666,0.057971014492753624,13.033333333333333,0.029239766081871343,1,0.001949317738791423,0.028985507246376812,8,0.11594202898550725
"4. A BKK Zrt. tájékoztatja a Felhasználót, hogy a megkötendő Szerződés elektronikus szerződésnek minősül.",5,105,14,3,6.571428571428571,4.666666666666667,0.42857142857142855,0.2857142857142857,0.8571428571428571,0.3333333333333333,0.0,4.977777777777778,0.0380952380952381,1,0.009523809523809525,0.07142857142857142,2,0.14285714285714285
5. A Szerződés és a jelen ÁSZF nem érinti a Közlekedési mobiljegyek használatával összefüggésben a közlekedési szolgáltatók és az utasok (a Közlekedési mobiljegyek kedvezményezettei) által kötött hálózat-rendelkezésrebocsátási és személyszállítási szerződéseket.,3,262,30,2,7.766666666666667,15.0,0.43333333333333335,0.4,0.7333333333333333,0.0,0.06666666666666667,15.0,0.019083969465648856,1,0.003816793893129771,0.03333333333333333,3,0.1
IX. SZOLGÁLTATÁS IGÉNYBEVÉTELE,5,30,3,2,9.333333333333334,1.5,0.6666666666666666,0.6666666666666666,1.0,0.0,0.0,1.5,0.03333333333333333,0,0.0,1.0,3,1.0
1. A Felhasználó a regisztrációt követően jogosult igénybe venni az Alkalmazás valamennyi Szolgáltatását.,5,105,13,2,7.153846153846154,6.5,0.38461538461538464,0.23076923076923078,0.9230769230769231,0.0,0.0,6.5,0.01904761904761905,1,0.009523809523809525,0.0,3,0.23076923076923078
"2. A Felhasználó az Alkalmazás valamennyi, a BKK Zrt. által elérhetővé tett funkciót igénybe veheti, azonban a BKK Zrt. a Felhasználónak egy korlátozott, személyes, nem kizárólagos, nem kereskedelmi, visszavonható, nem átruházható felhatalmazást nyújt, hogy az Alkalmazásban elérhető tartalmak egyetlen példányát megtekintse (kivéve a forrás- és objektumkódokat), mely általánosságban nyilvánosan elérhető az Alkalmazás használatával, feltéve, hogy",3,448,55,4,7.163636363636364,13.75,0.38181818181818183,0.2727272727272727,0.7636363636363637,2.75,0.03636363636363636,21.3125,0.03794642857142857,1,0.002232142857142857,0.03636363636363636,6,0.10909090909090909
"a) a Felhasználó megőriz minden védjegyet, szerzői jogi vagy tulajdoni jogi értesítést, amit az eredeti tartalom vagy a Felhasználó által készített bármely másolat tartalmaz,",4,174,24,1,6.291666666666667,24.0,0.2916666666666667,0.125,0.8333333333333334,3.0,0.041666666666666664,38.400000000000006,0.022988505747126436,0,0.0,0.0,0,0.0
"b) a Felhasználó nem enged, segít vagy felbújt bármely harmadik személyt (akár haszonszerzési céllal, akár anélkül), hogy lemásolja vagy átalakítsa az Alkalmazás szoftverének objektumkódját, szoftverforráskódját; hogy az eredeti alapján újraalkossák, visszafejtsék, módosítsák vagy megkíséreljék felfedni az Alkalmazás bármely részének forráskódját; és",3,352,41,3,7.609756097560975,13.666666666666666,0.36585365853658536,0.21951219512195122,0.8292682926829268,2.0,0.07317073170731707,19.133333333333333,0.03125,0,0.0,0.0,1,0.024390243902439025
"c) nem próbál meg semmilyen kódot vagy terméket beilleszteni, hogy manipulálja az Alkalmazáson keresztül elérhető tartalmakat bármilyen módon, ami a felhasználói élményt bárhogyan is befolyásolja.",5,196,25,1,6.88,25.0,0.4,0.24,1.0,2.0,0.04,35.0,0.02040816326530612,0,0.0,0.0,0,0.0
"3. A Felhasználó (és általa más harmadik személy) nem jogosult az Alkalmazás tartalmait átrendezni, módosítani, kicserélni, nyilvánossággal megosztani, továbbadni, közzétenni, újra közzétenni, terjeszteni, sugározni, eladni, bérelni, bérbe adni, feltölteni, belőle kereskedelmi célú származékos anyagokat készíteni, vagy másképpen felhasználni. Bármely, az Alkalmazásban elérhető tartalom tiltott vagy jogszerűtlen felhasználása szigorúan tilos, és polgári, valamint büntetőjogi eljárást von maga után a vonatkozó jogszabályok szerint.",3,535,61,3,7.786885245901639,20.333333333333332,0.4426229508196721,0.3114754098360656,0.9344262295081968,5.666666666666667,0.03278688524590164,43.37777777777777,0.041121495327102804,1,0.001869158878504673,0.0,5,0.08196721311475409
"4. Az egyes Szolgáltatások lényeges tulajdonságait, jellemzőit, a Szolgáltatás igénybevételére vonatkozó utasításokat a konkrét Szolgáltatás információs oldaláról lehet megismerni.",3,180,19,2,8.526315789473685,9.5,0.5789473684210527,0.47368421052631576,0.8947368421052632,1.0,0.0,11.4,0.022222222222222223,1,0.005555555555555556,0.0,6,0.3157894736842105
X. FIZETÉSI FELTÉTELEK,5,22,3,2,6.666666666666667,1.5,0.3333333333333333,0.0,1.0,0.0,0.0,1.5,0.045454545454545456,0,0.0,1.0,2,0.6666666666666666
"1. A Felhasználó bankkártya-/hitelkártyaadatait a vásárlás alkalmával vagy felhasználói fiókjában megadja az Alkalmazásban. A BKK Zrt. a Közlekedési mobiljegy, illetve bérlet vásárlásához kapcsolódó díjakat a Felhasználó fentiek szerinti bankkártyájához/hitelkártyájához tartozó számlájára terheli. A Felhasználó bármelyik bank által kibocsátott Visa, American Express, illetve MasterCard típusú bankkártyával/hitelkártyával fizethet és azt regisztrálhatja. Felhasználó jelen ÁSZF elfogadásával úgy nyilatkozik és szavatolja, hogy amennyiben nem a saját nevére szóló bankkártya-/hitelkártyaadatokat ad meg, rendelkezik a bankkártya/hitelkártya tulajdonosának írásbeli hozzájárulásával, hogy a bankkártya/hitelkártya tulajdonosa a bankkártya/hitelkártya jelen ÁSZF-ben meghatározott feltételekhez kötött használatához hozzájárult, és az ÁSZF rendelkezéseit elfogadta.",3,866,91,6,8.527472527472527,15.166666666666666,0.4175824175824176,0.31868131868131866,0.7692307692307693,1.1666666666666667,0.0,18.705555555555556,0.026558891454965358,1,0.0011547344110854503,0.03296703296703297,7,0.07692307692307693
"2. A BKK Zrt. bármikor kérheti a Felhasználótól annak megfelelő, személyazonosításra alkalmas dokumentumokkal igazolását, hogy ki a bankkártya/hitelkártya tulajdonosa, és hogy a Felhasználó rendelkezik-e a megfelelő hozzájárulással/meghatalmazással. A BKK Zrt. jogosult a bankkártya-/hitelkártyaadatok ellenőrzését a Felhasználó regisztrációjának jóváhagyását megelőzően személyes egyeztetés keretében is elvégezni. A BKK Zrt. kizárja a felelősségét, ha a Felhasználó más nevére szóló bankkártya-/hitelkártyaadatokat ad meg. Ezzel kapcsolatos felelősség a Felhasználót terheli.",3,577,65,8,7.892307692307693,8.125,0.4153846153846154,0.2923076923076923,0.7230769230769231,0.5,0.0,8.9375,0.03292894280762565,1,0.0017331022530329288,0.046153846153846156,5,0.07692307692307693
"XI. PANASZKEZELÉS, VITÁK RENDEZÉSE",5,34,4,2,7.75,2.0,0.5,0.25,1.0,0.5,0.0,2.2,0.058823529411764705,0,0.0,1.0,0,0.0
1. A panaszkezeléssel kapcsolatban a Felhasználó által elfogadott jelen ÁSZF és a BKK Zrt. Üzletszabályzatának – VIII. fejezet – rendelkezései (A panaszok bejelentésének és kezelésének szabályai) az irányadók.,2,209,28,4,6.5,7.0,0.35714285714285715,0.25,0.8571428571428571,0.0,0.07142857142857142,7.0,0.03827751196172249,1,0.004784688995215311,0.14285714285714285,3,0.10714285714285714
"2. Az Alkalmazásban a Segíthetünk?/Visszajelzés az applikáció működéséről menüpontot kiválasztva vagy a Hibabejelentés rázásra lehetőséggel elérhető bejelentőfelületen keresztül tett, az Alkalmazás működését érintő észrevételeket a BKK Zrt. kezeli, azonban a Hibabejelentés rázásra felületen írásos választ a BudapestGO alkalmazásban elérhető chates felületen keresztül nem köteles adni, ezeket a BKK Zrt. nem veszi nyilvántartásba. A BKK Zrt. a Segíthetünk?/Visszajelzés a BKK szolgáltatásaival kapcsolatban vagy az Elérhetőségek menüpont alatt, továbbá a bkk.hu weboldalán elérhető online ügyfélbejelentőn keresztül megtett bejelentéseket kezeli és válaszolja meg elsősorban e-mailben vagy írásos formában.",3,708,85,9,7.341176470588235,9.444444444444445,0.3764705882352941,0.2,0.6470588235294118,0.4444444444444444,0.0,10.28395061728395,0.022598870056497175,1,0.0014124293785310734,0.047058823529411764,4,0.047058823529411764
"3. A Felhasználó a BKK Zrt. Szolgáltatásaival kapcsolatos bejelentését az Üzletszabályzat VIII. fejezetében részletezett módokon kívül az Alkalmazásban a Segíthetünk?/Visszajelzés a BKK szolgáltatásaival kapcsolatban menüpontban is megteheti a megfelelő online űrlap kiválasztásával. Az Alkalmazás Segíthetünk?/Visszajelzés a BKK szolgáltatásaival kapcsolatban menüpontján keresztül érkező bejelentésről bejelentőlap készül, amelyet a BKK Zrt. a nyilvántartásba vételével egyidejűleg elküld a bejelentőnek e-mailben is.",2,519,58,8,7.9655172413793105,7.25,0.4827586206896552,0.3793103448275862,0.6896551724137931,0.125,0.0,7.4312499999999995,0.023121387283236993,1,0.0019267822736030828,0.08620689655172414,6,0.10344827586206896
"4. A bejelentések kezelésének, kivizsgálásának, valamint a bejelentések megválaszolásának és a bejelentő tájékoztatásának rendjéről az Üzletszabályzat VIII. fejezete rendelkezik.",4,178,19,3,8.421052631578947,6.333333333333333,0.5263157894736842,0.42105263157894735,0.8421052631578947,0.6666666666666666,0.0,7.177777777777777,0.028089887640449437,1,0.0056179775280898875,0.05263157894736842,2,0.10526315789473684
XII. ÉRTESÍTÉSEK – HÍRLEVÉLRE FELIRATKOZÁS/DIREKT MARKETING,5,59,6,2,9.0,3.0,0.6666666666666666,0.3333333333333333,1.0,0.0,0.0,3.0,0.05084745762711865,0,0.0,0.8333333333333334,0,0.0
1. A Felhasználó az Alkalmazásban a regisztráció során vagy utólag a Felhasználói fiókjában iratkozhat fel hírlevélre.,5,118,16,2,6.4375,8.0,0.4375,0.3125,0.875,0.0,0.0,8.0,0.01694915254237288,1,0.00847457627118644,0.0,0,0.0
Az adatkezelés jogalapja: a hírlevélre feliratkozás az érintett önkéntes hozzájárulása.,3,87,10,1,7.8,10.0,0.5,0.3,0.9,0.0,0.0,10.0,0.022988505747126436,0,0.0,0.0,3,0.3
"2. Amennyiben Felhasználó kifejezetten és önkéntesen hozzájárult az Alkalmazásban, vagyis az Alkalmazáson keresztül elektronikus levelezés útján vagy e-mailen küldött értesítésben történő marketingtartalmak megjelenítéséhez, és a Felhasználó az applikáció letöltésekor/megnyitásakor, azaz Szeretnék értesülni a BKK ajánlatairól, a hírlevélre feliratkozom jelölőnégyzetet bepipálta, vagy amennyiben a Felhasználó az Alkalmazás használata során a Felhasználói fiókjában a Személyes adatok menüponton belül a Feliratkozom a hírlevélre jelölőnégyzetet utólag bepipálta, és ezáltal feliratkozott a BKK hírlevelére, úgy a BKK a Felhasználónak elektronikus hírlevelet, direktmarketing-vagy egyéb marketingtartalmakat küld.",4,715,80,2,7.95,40.0,0.525,0.3125,0.675,4.0,0.0,72.0,0.01818181818181818,1,0.0013986013986013986,0.0375,4,0.05
"3. Amennyiben a Felhasználó a Felhasználói fiókjában a Személyes adatok menüponton belül, a Feliratkozom a hírlevélre jelölőnégyzetben lévő pipát kiveszi, illetve a hírlevélben (e-mail) található „Amennyiben a jövőben nem szeretnéd megkapni a hírleveleinket, bármikor leiratkozhatsz az e-mailben található linkre kattintva vagy az Alkalmazáson belül a felhasználói fiókodba lépve” linkre kattint, visszavonja, módosítja a hírlevélre feliratkozást.",5,447,55,2,7.1454545454545455,27.5,0.43636363636363634,0.21818181818181817,0.7454545454545455,2.5,0.03636363636363636,41.25,0.029082774049217,1,0.0022371364653243847,0.0,4,0.07272727272727272
"4. Az érintettek köre: minden természetes személy, aki a BKK közszolgáltatásokhoz, valamint a fővárosi önkormányzati közszolgáltatásokhoz kapcsolódó és közérdeklődésre számot tartó információkról, hírekről, akciókról, kedvezményekről rendszeresen értesülni szeretne, ezért személyes adatainak megadásával feliratkozik a hírlevél-szolgáltatásra.",4,344,35,2,8.857142857142858,17.5,0.5428571428571428,0.3142857142857143,0.9428571428571428,3.0,0.0,28.0,0.029069767441860465,1,0.0029069767441860465,0.02857142857142857,5,0.14285714285714285
5. A kezelt adatok köre: név és e-mail-cím.,5,43,8,2,4.5,4.0,0.125,0.125,1.0,0.0,0.0,4.0,0.11627906976744186,1,0.023255813953488372,0.0,0,0.0
"6. Adatkezelő által használt kommunikációs csatornák, módok:",5,60,7,2,7.714285714285714,3.5,0.42857142857142855,0.14285714285714285,1.0,0.5,0.0,3.8500000000000005,0.05,1,0.016666666666666666,0.0,0,0.0
• E-mail: a Felhasználó e-mail címére küldött hírlevél vagy rendszer működésével szorosan összefüggő tájékoztató levél.,5,119,15,1,7.0,15.0,0.26666666666666666,0.2,1.0,0.0,0.0,15.0,0.04201680672268908,0,0.0,0.0,0,0.0
• Telefon: a Felhasználó telefonon történő megkeresése.,5,55,7,1,7.0,7.0,0.42857142857142855,0.2857142857142857,1.0,0.0,0.0,7.0,0.05454545454545454,0,0.0,0.0,0,0.0
"• Push-értesítések: szabványos mobilértesítések. Olyan üzenetek, amelyeket a Felhasználó az alkalmazás megnyitása nélkül, jellemzően a zárolási képernyőn lát. Célja, a Felhasználók alkalmazáshoz vezetése. Az értesítés zárolt képernyő esetében is megjelenik, nem szükséges az applikáció megnyitása. A Felhasználó bármikor kikapcsolhatja a funkciót.",5,347,41,5,7.487804878048781,8.2,0.5121951219512195,0.21951219512195122,0.8292682926829268,0.8,0.0,9.511999999999999,0.0345821325648415,0,0.0,0.0,0,0.0
"• Pop up értesítések: alkalmazáson belüli értesítések. Olyan üzenetek, amelyeket a Felhasználó az alkalmazáson belül kap, miután megnyitotta azt. Ezek az értesítések célzottés kontextusfüggő üzenetek küldésére szolgálnak. Célja, a Felhasználók alkalmazáson belüli funkcióra irányítása vagy üzenet átadása. Az értesítés csak az applikációt már használó Felhasználó esetében jelenik meg. A felugró ablak ideiglenesen blokkolja az alkalmazás fő nézetével való interakciókat, megszakíthatja az alkalmazás munkafolyamatát. A Felhasználó nem tudja kikapcsolni a funkciót.",4,565,70,7,7.085714285714285,10.0,0.44285714285714284,0.2714285714285714,0.7857142857142857,0.5714285714285714,0.0,11.142857142857142,0.023008849557522124,0,0.0,0.0,0,0.0
XIII. ADATVÉDELEM,5,17,2,2,8.0,1.0,0.5,0.5,1.0,0.0,0.0,1.0,0.058823529411764705,0,0.0,1.0,1,0.5
1. A Felhasználó személyes adatainak kezelésére vonatkozó részletes rendelkezéseket az Adatkezelési tájékoztató tartalmazza.,4,124,13,2,8.615384615384615,6.5,0.7692307692307693,0.38461538461538464,1.0,0.0,0.0,6.5,0.016129032258064516,1,0.008064516129032258,0.0,4,0.3076923076923077
"2. A BKK Zrt. a Felhasználó rendelkezésre bocsátott adatait a természetes személyeknek a személyes adatok kezelése tekintetében történő védelméről és az ilyen adatok szabad áramlásáról, valamint a 95/46/EK rendelet hatályon kívül helyezéséről szóló 2016/679 számú európai parlamenti és tanácsi rendelet (általános adatvédelmi rendelet) és a magyar jogszabályi rendelkezéseknek megfelelően kezeli.",1,396,50,3,6.94,16.666666666666668,0.34,0.22,0.82,0.3333333333333333,0.04,17.77777777777778,0.022727272727272728,5,0.030303030303030304,0.04,9,0.18
"3. A Felhasználó kijelenti, hogy a BKK Zrt. Adatkezelési tájékoztatójában foglaltakat megismerte.",5,97,12,3,7.166666666666667,4.0,0.5,0.4166666666666667,0.9166666666666666,0.3333333333333333,0.0,4.266666666666667,0.041237113402061855,1,0.010309278350515464,0.08333333333333333,1,0.08333333333333333
"4. A BKK Zrt. köteles az adatkezelést oly módon végezni, hogy technikai vagy szervezési intézkedések alkalmazásával biztosítva legyen a személyes adatok megfelelő biztonsága, ideértve az adatok jogosulatlan vagy jogellenes kezelésével, véletlen elvesztésével, megsemmisítésével vagy károsodásával szembeni védelmet is.",4,318,38,3,7.394736842105263,12.666666666666666,0.39473684210526316,0.23684210526315788,0.868421052631579,1.3333333333333333,0.0,16.044444444444444,0.0220125786163522,1,0.0031446540880503146,0.02631578947368421,3,0.07894736842105263
XIV. FELHASZNÁLÁSI FELTÉTELEK,5,29,3,2,9.0,1.5,0.6666666666666666,0.3333333333333333,1.0,0.0,0.0,1.5,0.034482758620689655,0,0.0,1.0,2,0.6666666666666666
1. Az Alkalmazás tulajdonosa és üzemeltetője a BKK Zrt.,5,55,9,2,5.222222222222222,4.5,0.3333333333333333,0.2222222222222222,1.0,0.0,0.0,4.5,0.03636363636363636,1,0.01818181818181818,0.1111111111111111,0,0.0
"2. Az Alkalmazás múltbeli, jelenlegi és jövőbeli tartalmait, nem kizárólagosan beleértve az Alkalmazás felépítését, kivitelezését, szövegeket, képeket, fényképeket, illusztrációkat, összeállításokat, grafikus anyagokat, podcastokat, reklámszövegeket, adatbázisokat, tulajdonosi információkat, az Alkalmazás minden szerzői vagy más joggal védhető elemét (beleértve a forrás- és objektumkódokat) és minden egyéb, a BKK Zrt.-hez köthető anyagot, magát az Alkalmazást, az Alkalmazáson belül az elemek elrendezését, választékát, sorozatát, az Alkalmazás felépítésének főbb jellemzőit, minden védjegyet, levédett szolgáltatást, cégnevet, logókat, tartományneveket, szabadalmakat és minden szellemi terméket (egyenként és összességében Tartalmakat) a szerzői jogi és tulajdonosi oltalom védi, és a BKK Zrt. tulajdona.",4,810,93,4,7.720430107526882,23.25,0.43010752688172044,0.27956989247311825,0.7419354838709677,6.75,0.043010752688172046,54.6375,0.04567901234567901,1,0.0012345679012345679,0.021505376344086023,3,0.03225806451612903
3. Az Alkalmazást a Felhasználó csak jogszabályok által megengedett módon használhatja.,5,87,11,2,7.0,5.5,0.45454545454545453,0.45454545454545453,1.0,0.0,0.0,5.5,0.022988505747126436,1,0.011494252873563218,0.0,1,0.09090909090909091
"4. Az Alkalmazás használatával a Felhasználó nem szerez az Alkalmazásra vagy az általa elérhető tartalomra vonatkozóan semmiféle szellemi tulajdonjogot. Egyik Felhasználó sem jogosult az Alkalmazásból származó tartalom felhasználására, kivéve, ha arra engedélyt kapott a BKK Zrt.-től, illetve ha a törvény azt más módon lehetővé teszi. A jelen felhasználási feltételek nem biztosítanak jogot az Alkalmazásban használt jelzések, logók, márkajelzések vagy emblémák használatára.",4,476,61,5,6.819672131147541,12.2,0.32786885245901637,0.21311475409836064,0.819672131147541,1.0,0.0,14.639999999999999,0.023109243697478993,1,0.0021008403361344537,0.01639344262295082,6,0.09836065573770492
"5. A BKK Zrt. jogosult az Alkalmazás használatával kapcsolatban szolgálati közleményeket, adminisztrációs üzeneteket és más információkat küldeni a Felhasználók részére. A Felhasználó jelen ÁSZF elfogadásával kifejezetten hozzájárul ahhoz, hogy a BKK Zrt. ilyen üzeneteket küldjön részére.",5,289,36,5,7.055555555555555,7.2,0.3888888888888889,0.25,0.8055555555555556,0.4,0.0,7.776000000000001,0.02422145328719723,1,0.0034602076124567475,0.08333333333333333,1,0.027777777777777776
"6. A BKK Zrt. az Alkalmazást kizárólag nem kereskedelmi, nem kizárólagos, korlátozott személyes használatra biztosítja, és a BKK Zrt. előzetes írásbeli beleegyezése nélkül az Alkalmazás semmilyen más célra nem használható. A Felhasználó beleegyezik, hogy az Alkalmazás bármely részén található minden szerzői jogi előírásnak, információnak és korlátozásnak eleget tesz. A Felhasználó nem változtathatja meg, nem törölheti vagy fedheti el a szerzői jog, védjegy, szabadalom vagy az Alkalmazás más hasonló jelzését, beleértve a letölthető, továbbított, bemutatott, nyomtatott vagy másképpen reprodukált részeket.",3,610,79,6,6.734177215189874,13.166666666666666,0.4177215189873418,0.24050632911392406,0.7215189873417721,2.0,0.0,18.43333333333333,0.029508196721311476,1,0.001639344262295082,0.02531645569620253,6,0.0759493670886076
"7. A Felhasználó nem szerez jogosultságot az Alkalmazás egyes részeinek vagy az Alkalmazáshoz tartozó szoftvernek a másolására, terjesztésére, értékesítésére vagy bérbeadására, továbbá nem jogosult a szoftver visszafejtésére vagy a szoftverforráskód megszerzésének megkísérlésére sem, kivéve, ha az ilyen korlátozást a jogszabály tiltja, vagy ha erre a Felhasználó a BKK Zrt.-től írásos engedélyt kapott.",4,404,52,3,6.788461538461538,17.333333333333332,0.34615384615384615,0.2692307692307692,0.7307692307692307,2.0,0.0,24.266666666666662,0.024752475247524754,1,0.0024752475247524753,0.019230769230769232,6,0.11538461538461539
"8. A BKK Zrt. jogosult az Alkalmazást újabb funkciókkal vagy lehetőségekkel bővíteni, és az Alkalmazás működését felfüggeszteni vagy azt teljesen megszüntetni.",5,159,21,3,6.619047619047619,7.0,0.38095238095238093,0.23809523809523808,0.9047619047619048,0.3333333333333333,0.0,7.466666666666667,0.025157232704402517,1,0.006289308176100629,0.047619047619047616,1,0.047619047619047616
"9. A Felhasználó jogosult az Alkalmazás használatával bármikor felhagyni. Ezenkívül a BKK Zrt. is bármikor megszüntetheti az Alkalmazás biztosítását a Felhasználó számára, illetve bármikor bevezethet vagy létrehozhat új korlátozásokat az Alkalmazásra vonatkozóan.",5,263,32,4,7.25,8.0,0.4375,0.28125,0.75,0.25,0.0,8.4,0.019011406844106463,1,0.0038022813688212928,0.03125,3,0.09375
"10. Amennyiben a BKK Zrt. az Alkalmazást megszünteti, akkor – ha ez észszerűen megoldható – erre a Felhasználót kellő időben figyelmezteti.",5,139,21,3,5.666666666666667,7.0,0.3333333333333333,0.19047619047619047,0.9047619047619048,0.3333333333333333,0.0,7.466666666666667,0.04316546762589928,1,0.014388489208633094,0.047619047619047616,1,0.047619047619047616
"11. A jelen felhasználói feltételeket a BKK Zrt. jogosult az ÁSZF módosításával egyidejűleg, bármikor módosítani, például annak érdekében, hogy megfeleljen a jogszabályok, illetve az Alkalmazás esetleges változásának. A módosítások nem visszamenőleges hatályúak, és leghamarabb 8 nappal a közzétételüket követően lépnek hatályba. Amennyiben az Alkalmazás új funkcióval bővül, az erre vonatkozó módosítások vagy a jogi megfontolásból végrehajtott módosítások azonnal hatályba lépnek.",3,482,60,5,7.05,12.0,0.4166666666666667,0.26666666666666666,0.8166666666666667,1.2,0.0,14.879999999999999,0.022821576763485476,2,0.006224066390041493,0.03333333333333333,10,0.16666666666666666
"12. A Felhasználó tudomásul veszi, hogy amennyiben nem tesz eleget a jelen felhasználási feltételekben foglaltaknak, és a BKK Zrt. nem teszi meg azonnal az ezzel kapcsolatos intézkedéseket, ez nem jelenti azt, hogy a BKK Zrt. lemondana az esetleges intézkedések jövőbeni megtételére vonatkozó jogairól.",4,302,43,4,6.046511627906977,10.75,0.32558139534883723,0.18604651162790697,0.7906976744186046,1.0,0.0,12.9,0.026490066225165563,1,0.006622516556291391,0.046511627906976744,4,0.09302325581395349
XV. FELELŐSSÉGKORLÁTOZÁS,5,24,2,2,11.5,1.0,0.5,0.5,1.0,0.0,0.0,1.0,0.041666666666666664,0,0.0,1.0,2,1.0
"1. Amennyiben a jogszabály azt lehetővé teszi, a BKK Zrt. nem vállal felelősséget az elmaradt haszonért, kiesett bevételért, az elveszett adatokért, a pénzügyi veszteségért, illetve nem nyújt közvetett, rendkívüli, következményi, nem vagyoni vagy vagyoni jellegű kártérítést. A BKK Zrt. kifejezetten kizárja a felelősségét minden olyan kár miatt, amely az Alkalmazással tervezett utazások esetleges pontatlanságából vagy az ezekkel kapcsolatos késésekből ered, így Felhasználó tudomásul veszi, hogy a fentiekből származó minden kárt maga köteles viselni.",4,554,73,5,6.602739726027397,14.6,0.3150684931506849,0.1643835616438356,0.7945205479452054,2.2,0.0,21.023999999999997,0.02888086642599278,1,0.0018050541516245488,0.0273972602739726,7,0.0958904109589041
"2. A BudapestGO alkalmazás Tervezés menüpontjában, a térképen megjelenített kiemelt helyek esetében a nyitvatartásra, esetleges kapcsolódó díjszabásra, földrajzi lokációra és egyéb, harmadik fél által szolgáltatott kiegészítő tudnivalókra vonatkozó információk, adatok kizárólag tájékoztató jellegűek. A BKK Zrt. kifejezetten kizárja a felelősségét minden olyan kár esetében, amelyek az Alkalmazásban a BKK Zrt. által megjelenített helyszínekhez tartozó információk esetleges pontatlanságából, hibájából vagy hiányából – akár közvetlenül, akár közvetetten – származnakik.",4,571,67,5,7.537313432835821,13.4,0.47761194029850745,0.26865671641791045,0.8208955223880597,1.6,0.0,17.688000000000002,0.02626970227670753,1,0.0017513134851138354,0.029850746268656716,7,0.1044776119402985
3. A BKK Zrt. semmilyen esetben sem felelős az észszerű módon előre nem látható veszteségekért vagy károkért.,5,109,17,3,5.470588235294118,5.666666666666667,0.17647058823529413,0.058823529411764705,1.0,0.0,0.0,5.666666666666667,0.027522935779816515,1,0.009174311926605505,0.058823529411764705,0,0.0
"4. A jelen ÁSZF-ben kifejezetten megállapított feltételeken kívül a BKK Zrt. nem tesz semmilyen konkrét ígéretet a Szolgáltatásokkal kapcsolatban. Például semmilyen kötelezettséget nem vállal az Alkalmazáson belüli tartalmat, az Alkalmazás sajátos funkcióit vagy megbízhatóságát, rendelkezésre állását vagy a Felhasználó igényeinek kielégítésére alkalmasságát illetően. A BKK Zrt. a jogszabályok által megengedett mértékben a szavatosság valamennyi formáját kizárja.",3,466,56,6,7.339285714285714,9.333333333333334,0.42857142857142855,0.26785714285714285,0.7857142857142857,0.3333333333333333,0.0,9.955555555555556,0.019313304721030045,1,0.002145922746781116,0.03571428571428571,8,0.14285714285714285
"5. A BKK Zrt. az Alkalmazást „adott állapotában”, „minden hibájával együtt” és „megtekintett formájában” biztosítja a Felhasználók részére, és a megfelelő minőséggel, teljesítménnyel, pontossággal, eredményességgel kapcsolatos teljes kockázat a Felhasználót terheli.",4,266,31,3,7.612903225806452,10.333333333333334,0.45161290322580644,0.3548387096774194,0.8709677419354839,1.6666666666666667,0.0,13.77777777777778,0.05263157894736842,1,0.0037593984962406013,0.03225806451612903,1,0.03225806451612903
"6. A BKK Zrt. kizárja felelősségét mindazon okokból eredő következményekért, amelyek nem tartoznak a BKK Zrt. jelen ÁSZF tárgyába tartozó tevékenységéhez. A BKK Zrt. nem tartozik felelősséggel azért, hogy a Felhasználó vagy harmadik személy az Alkalmazást milyen módon és milyen célra használja. Így különösen nem tartozik felelősséggel azért, hogy a Felhasználó vagy harmadik személy az Alkalmazás használata során tevékenységét az arra vonatkozó jogszabályok és egyéb szerződések rendelkezésének megfelelően gyakorolja-e.",3,523,69,7,6.594202898550725,9.857142857142858,0.2898550724637681,0.2028985507246377,0.6811594202898551,0.42857142857142855,0.0,10.70204081632653,0.021032504780114723,1,0.0019120458891013384,0.057971014492753624,7,0.10144927536231885
"7. A Felhasználó kötelessége, hogy haladéktalanul közölje a BKK Zrt.-vel, amennyiben hibát észlel, továbbá az ezzel kapcsolatos minden körülményt. A Felhasználó kötelezettséget vállal arra, hogy a BKK Zrt. útmutatásainak megfelelően szorosan együttműködik a BKK Zrt.-vel a hiba meghatározása, illetve a hiba elhárítása során, valamint a hiba kivizsgálásához szükséges minden információt a BKK Zrt. rendelkezésére bocsát.",5,420,55,7,6.654545454545454,7.857142857142857,0.32727272727272727,0.2545454545454545,0.6909090909090909,0.8571428571428571,0.0,9.204081632653061,0.03571428571428571,1,0.002380952380952381,0.07272727272727272,5,0.09090909090909091
"8. A BKK Zrt. a Felhasználó Alkalmazást is használó eszközein tárolt egyéb szoftvertermékek, illetve adatfájlok meghibásodásáért, adatvesztéséért, illetve az ebből eredő következményekért nem vállal felelősséget, ezért Felhasználó az adattárolókat érintő tevékenysége során köteles különös gondossággal eljárni.",5,311,36,3,7.666666666666667,12.0,0.3611111111111111,0.3055555555555556,0.8888888888888888,1.3333333333333333,0.0,15.2,0.022508038585209004,1,0.003215434083601286,0.027777777777777776,2,0.05555555555555555
"9. A BKK Zrt. kizárja felelősségét a jogosulatlan hozzáférésből, nem rendeltetésszerű használatból, hardverhibából vagy nem megfelelő üzemeltetési környezetből (ideértve az áramkimaradást is) eredő következményekért, meghibásodásokért.",5,235,25,3,8.44,8.333333333333334,0.52,0.44,0.92,1.0,0.08,10.0,0.03404255319148936,1,0.00425531914893617,0.04,1,0.04
"10. A BKK Zrt. nem tartozik felelősséggel az Alkalmazásban szereplő adatok, információk helyességéért és ezen adatok, információk felhasználásából eredő, esetlegesen a Felhasználónál vagy bármely más harmadik személynél keletkező károkért.",5,239,29,3,7.275862068965517,9.666666666666666,0.3793103448275862,0.27586206896551724,0.896551724137931,1.0,0.0,11.6,0.02510460251046025,1,0.008368200836820083,0.034482758620689655,1,0.034482758620689655
"11. A BKK Zrt. nem felelős semmiféle vírusért vagy az Alkalmazás elérését és használatát befolyásoló egyéb korlátozó funkciókért, az Alkalmazásnak egyéb webhelyekkel, szolgáltatásokkal, szoftverekkel és hardverekkel való inkompatibilitásáért, semmiféle késleltetésért vagy hibáért, amelyet a Felhasználó az Alkalmazás használata során megfelelő és időszerű formában végzett adatátvitel vagy tranzakció kezdeményezése, lefolytatása vagy befejezése során észlel, illetve semmiféle kárért vagy költségért, amely a hivatkozásokon keresztül elérhető, harmadik felek által biztosított szolgáltatások használatából ered vagy azokhoz bármely módon köthető.",4,648,75,3,7.653333333333333,25.0,0.41333333333333333,0.25333333333333335,0.7866666666666666,3.0,0.0,40.0,0.018518518518518517,1,0.0030864197530864196,0.013333333333333334,2,0.02666666666666667
"12. A BKK Zrt. mentesül a szerződésszegés következményei alól, amennyiben a szerződésszerű teljesítést rajta kívül álló, előre nem látható, elháríthatatlan esemény, cselekmény fizikailag vagy más módon gátolja (a továbbiakban Vis maior). A BKK Zrt. ilyen Vis maior eseménynek tekinti különösen a természeti és más katasztrófákat (pl. villámcsapás, földrengés, árvíz, tűzvész, robbanás, járvány), háborús vagy más konfliktusokat (zendülés, rendzavarás, zavargások, forradalom, államcsíny, polgárháború, terrorcselekmények, embargó stb.). Ugyanezt a rendelkezést kell alkalmazni abban az esetben is, ha a Vis maior eseményei a BKK Zrt., valamint annak alvállalkozói, közreműködői, teljesítési segédei teljesítéséhez kötődnek.",4,723,90,9,7.044444444444444,10.0,0.36666666666666664,0.23333333333333334,0.8222222222222222,2.3333333333333335,0.06666666666666667,14.666666666666668,0.04979253112033195,1,0.0027662517289073307,0.03333333333333333,8,0.08888888888888889
"13. A BKK Zrt.-t terheli annak bizonyítása, hogy a Vis maior esemény szerződésszerű teljesítésére kiható következményét az adott helyzetben elvárható gondosság tanúsítása esetén sem – vagy csak aránytalan áldozat árán – lehetett volna elhárítani.",4,246,34,3,6.264705882352941,11.333333333333334,0.29411764705882354,0.14705882352941177,0.9411764705882353,0.3333333333333333,0.0,12.088888888888889,0.028455284552845527,1,0.008130081300813009,0.029411764705882353,2,0.058823529411764705
"14. A Vis maior esemény bekövetkezése esetén a BKK Zrt. szerződésszegés következményei alóli mentesülésének feltétele annak hitelt érdemlő igazolása, objektív alátámasztása, hogy a szerződésszerű teljesítést rajta kívül álló, szerződéskötéskor nem ismert és előre nem látható elháríthatatlan esemény vagy cselekmény gátolta, amely ok-okozati összefüggésben áll a nem szerződésszerű teljesítéssel.",4,396,48,3,7.270833333333333,16.0,0.3333333333333333,0.25,0.8541666666666666,1.3333333333333333,0.0,20.266666666666666,0.020202020202020204,1,0.005050505050505051,0.020833333333333332,7,0.14583333333333334
"15. Jelen ÁSZF szempontjából a Felek járványnak tekintik a Szerződés hatályba lépését követően bekövetkezett olyan egészségügyi helyzetet, amely megfelel a fertőző betegségek és a járványok megelőzése érdekében szükséges járványügyi intézkedésekről szóló 18/1998. (VI. 3.) NM rendeletben meghatározott fogalomnak, és amely kapcsán a Kormány, önkormányzat vagy bármely illetékes hatóság megállapítja a járvány bekövetkezését. A Covid19 világjárvány esetében a Felek azt tekintik Vis maiornak, ha olyan intézkedéseket vezetnek be az ÁSZF hatályba lépését követően, amely a jelen ÁSZF-ben foglaltak teljesítésére hatással van, és egyébként fennállnak a Vis maiorra előírt rendelkezések.",2,683,88,6,6.7727272727272725,14.666666666666666,0.32954545454545453,0.17045454545454544,0.7613636363636364,1.0,0.022727272727272728,17.599999999999998,0.02342606149341142,5,0.016105417276720352,0.045454545454545456,7,0.07954545454545454
"16. A BKK Zrt. nem vállal felelősséget továbbá semmilyen kárért vagy következményért, amely abból adódik, hogy a Felhasználó az Alkalmazás Szolgáltatásainak hozzáféréséhez szükséges Felhasználónevét (e-mail-címét), BKK-azonosítóját vagy Jelszavát ellopták, eltulajdonították vagy más módon jogellenesen megszerezték, vagy azt a Felhasználó elveszítette.",5,353,40,3,7.85,13.333333333333334,0.45,0.325,0.85,1.6666666666666667,0.05,17.777777777777782,0.036827195467422094,1,0.0056657223796034,0.025,2,0.05
XVI. AZ ALKALMAZÁS KARBANTARTÁSA,5,32,4,2,7.25,2.0,0.5,0.25,1.0,0.0,0.0,2.0,0.03125,0,0.0,1.0,0,0.0
"1. A BKK Zrt. az Alkalmazást a saját döntési jogkörében, általa meghatározott időközönként, módon, tartalommal és gyakorisággal tartja karban és frissíti.",5,154,21,3,6.380952380952381,7.0,0.3333333333333333,0.2857142857142857,0.9047619047619048,1.0,0.0,8.4,0.03896103896103896,1,0.006493506493506494,0.047619047619047616,0,0.0
"XVII. SZERZŐDÉS MEGSZŰNÉSE, MEGSZÜNTETÉSE",5,41,4,2,9.5,2.0,0.75,0.5,1.0,0.5,0.0,2.2,0.04878048780487805,0,0.0,1.0,2,0.5
"1. A Felhasználó jogosult a Felhasználói fiókjának törlését a jelen ÁSZF VIII. fejezetében foglalt rendelkezések szerint kezdeményezni, és így a Szerződést indoklási kötelezettség nélkül felmondani. A Szerződés a Felhasználói fiók törlésével megszűnik.",3,252,32,4,6.90625,8.0,0.4375,0.25,0.8125,0.25,0.0,8.4,0.01984126984126984,1,0.003968253968253968,0.0625,7,0.21875
"2. A BKK Zrt. jogosult a Szerződést azonnali hatállyal indoklás nélkül felmondani, amiről elektronikus formában értesíti a Felhasználót. A felmondáskor törli a regisztrációt. A BKK Zrt. a Szerződés megszűnésének napján törli a Felhasználó Felhasználói fiókját.",5,260,35,6,6.457142857142857,5.833333333333333,0.3142857142857143,0.22857142857142856,0.7142857142857143,0.16666666666666666,0.0,6.027777777777778,0.026923076923076925,1,0.0038461538461538464,0.05714285714285714,5,0.14285714285714285
"3. A BKK Zrt. az Alkalmazáson keresztül elérhető szolgáltatásokat a Felhasználó értesítése mellett jogosult korlátozni, illetőleg a Szerződést azonnali hatállyal felmondani és a szükséges lépéseket (pl. hatósági bejelentés) megtenni, ha",5,236,30,4,6.9,7.5,0.4666666666666667,0.16666666666666666,0.9,0.5,0.06666666666666667,8.25,0.029661016949152543,1,0.00423728813559322,0.03333333333333333,4,0.13333333333333333
̶ Felhasználó valótlan adatokat ad meg a regisztráció vagy az Alkalmazás használata során;,5,90,13,1,6.0,13.0,0.3076923076923077,0.15384615384615385,1.0,0.0,0.0,13.0,0.022222222222222223,0,0.0,0.0,0,0.0
̶ Felhasználó visszaél a BKK Zrt. vagy az Alkalmazás adataival;,5,63,10,2,5.4,5.0,0.3,0.1,1.0,0.0,0.0,5.0,0.047619047619047616,0,0.0,0.1,0,0.0
"̶ Felhasználó olyan elektronikus üzenetet küld, amely",5,53,7,1,6.714285714285714,7.0,0.2857142857142857,0.2857142857142857,1.0,1.0,0.0,8.4,0.03773584905660377,0,0.0,0.0,0,0.0
"o feladójának e-mail-címét szándékosan hamisan adja meg vagy elfedi,",5,68,9,1,6.666666666666667,9.0,0.3333333333333333,0.3333333333333333,1.0,1.0,0.0,10.799999999999999,0.04411764705882353,0,0.0,0.0,0,0.0
"o vírussal fertőzött csatolt állományt tartalmaz,",5,49,6,1,7.333333333333333,6.0,0.5,0.0,1.0,1.0,0.0,7.199999999999999,0.02040816326530612,0,0.0,0.0,0,0.0
"o csatolt állományként olyan végrehajtódó állományt tartalmaz, amely a címzett(ek) vagy a BKK Zrt. érdekével ellentétes tevékenységet fejt ki, és ez a tevékenység a címzett jóhiszemű akarata ellenére is végbemehet, vagy",4,219,31,2,6.096774193548387,15.5,0.3548387096774194,0.1935483870967742,0.8709677419354839,1.5,0.06451612903225806,20.150000000000002,0.0273972602739726,0,0.0,0.03225806451612903,0,0.0
"o amelynek tartalma a társadalmi értékekre és az emberi méltóságra nézve sértő (ilyen például a félrevezető, trágár, szexuális, erőszakos tartalmú, törvényellenes cselekedetre felbújtó, illetve vallási, politikai ellentétet szító e-mail);",5,238,29,1,7.241379310344827,29.0,0.41379310344827586,0.10344827586206896,0.9655172413793104,6.0,0.06896551724137931,63.800000000000004,0.04201680672268908,0,0.0,0.0,1,0.034482758620689655
"̶ A Felhasználó a számára nyújtott Szolgáltatások felhasználásával jogosulatlan adatszerzésre, adatküldésre vagy más számítógépes rendszerekbe történő behatolásra tesz kísérletet, illetve ilyet hajt végre, így különösen",5,219,25,1,7.8,25.0,0.44,0.4,0.96,3.0,0.0,40.0,0.0182648401826484,0,0.0,0.0,1,0.04
"o a Szolgáltatást nyújtó, illetve azt igénybe vevők tárolt, illetve az elektronikus Szolgáltatás igénybevétele közben használt nem nyilvános vagy üzleti titkot képező adatok, állományok engedély nélküli megtekintése, megszerzése vagy az erre irányuló kísérlet,",3,260,33,1,6.909090909090909,33.0,0.2727272727272727,0.18181818181818182,0.9090909090909091,5.0,0.0,66.0,0.019230769230769232,0,0.0,0.0,5,0.15151515151515152
"o a BKK Zrt., illetve a Szolgáltatást igénybe vevők tárhelyére olyan adatok, állományok engedély nélküli feltöltése vagy ennek kísérlete, amelyek a Felhasználót kompromittálhatják, illetve az általa használt informatikai eszköz működését hátrányosan befolyásolhatják, vagy",4,272,33,2,7.2727272727272725,16.5,0.3333333333333333,0.18181818181818182,0.8787878787878788,2.5,0.0,24.75,0.022058823529411766,0,0.0,0.030303030303030304,2,0.06060606060606061
"o mások tulajdonát képező számítógépek és azok erőforrásainak (pl. proxy, e-mail-szerverek, nyomtatók, hálózati átjárók és egyéb kapcsolt hardvereszközök) engedély nélküli felhasználása saját célra.",4,198,23,2,7.6521739130434785,11.5,0.30434782608695654,0.21739130434782608,0.9565217391304348,1.5,0.08695652173913043,14.950000000000001,0.045454545454545456,0,0.0,0.0,0,0.0
"4. A BKK Zrt. rendkívüli felmondása esetén a Felek a felmondás hatályának napjáig nyújtott Szolgáltatást – beleértve a szerződésszegést és a következményeit is – kötelesek egymással szemben elszámolni. Rendkívüli felmondás esetén a BKK Zrt. fenntartja magának a jogot a szerződésszegésből eredő jogai érvényesítésére, ideértve a kárai megtérítésére való jogot is.",3,363,50,5,6.28,10.0,0.34,0.14,0.7,0.2,0.0,10.4,0.02203856749311295,1,0.0027548209366391185,0.04,8,0.16
"5. Ha a Felhasználó a BKK Zrt.-nek a jelen ÁSZF szerinti szerződés megszegésével kárt okoz, köteles azt teljes egészében megtéríteni. A kártérítési kötelezettség kiterjed a Felhasználó szerződésszegése miatt bekövetkezett tapadó károkra, következményes károkra, felelősségi károkra, a BKK Zrt.-t ért elmaradt haszonra és a BKK Zrt. oldalán a kár kiküszöböléséhez felmerült költségekre. Valamennyi, a Felhasználó által okozott kár a szerződéskötés és a károkozás időpontjában előre látható kárnak minősül, amelyet a Felhasználó az ÁSZF elfogadásával kifejezetten tudomásul vesz és elfogad.",4,588,78,7,6.551282051282051,11.142857142857142,0.3076923076923077,0.24358974358974358,0.717948717948718,0.8571428571428571,0.0,13.053061224489795,0.025510204081632654,1,0.0017006802721088435,0.0641025641025641,10,0.1282051282051282
6. Felek a jelen ÁSZF szerinti szerződést határozatlan időtartamra kötik.,5,73,10,2,6.4,5.0,0.3,0.2,1.0,0.0,0.0,5.0,0.0273972602739726,1,0.0136986301369863,0.1,2,0.2
XVIII. ZÁRÓ RENDELKEZÉSEK,5,25,3,2,7.666666666666667,1.5,0.3333333333333333,0.3333333333333333,1.0,0.0,0.0,1.5,0.04,0,0.0,1.0,1,0.3333333333333333
"1. Amennyiben jelen ÁSZF valamely rendelkezése érvénytelen vagy érvénytelenné válik, úgy ez a rendelkezés a megállapodás többi rendelkezését nem érinti.",4,152,20,2,6.65,10.0,0.35,0.3,0.95,0.5,0.0,11.0,0.019736842105263157,1,0.006578947368421052,0.05,7,0.35
"2. Felek megállapodnak, hogy jelen ÁSZF-ben szabályozott valamennyi kérdést – ideértve a szerződés érvényességére, valamint a szerződéses kikötések, nyilatkozatok, megállapodások és kötelezettségek kérdését is – a magyar jog szabályainak alkalmazásával kell eldönteni. A jelen ÁSZF-ben kifejezetten fel nem jogosított harmadik személy a jelen ÁSZF-ben kikötött szolgáltatás követelésére nem jogosult.",3,400,49,3,7.183673469387755,16.333333333333332,0.3673469387755102,0.24489795918367346,0.7959183673469388,1.3333333333333333,0.0,20.688888888888886,0.03,1,0.0025,0.0,10,0.20408163265306123
3. A BKK Zrt. jogosult az ÁSZF-et vagy annak meghatározott részét (részeit) vagy az ÁSZF-ben meghatározott egyes jogokat vagy kötelezettségeket a Felhasználó előzetes értesítése mellett harmadik személy részére átruházni. Felhasználó az átruházáshoz az ÁSZF elfogadásával visszavonhatatlanul hozzájárul. A hozzájárulás a szerződésátruházásról történt értesítéssel válik hatályossá.,3,381,45,5,7.488888888888889,9.0,0.35555555555555557,0.28888888888888886,0.7777777777777778,0.0,0.044444444444444446,9.0,0.023622047244094488,1,0.0026246719160104987,0.044444444444444446,6,0.13333333333333333
"4. Jelen ÁSZF-fel kapcsolatos minden vitás kérdést a Felek békés úton kísérelnek meg megoldani. A békés úton nem rendezhető vitás kérdéseket a Felek a mindenkor hatályos polgári perrendtartás szerint hatáskörrel rendelkező, illetékes bíróság előtt rendezik.",2,257,35,3,6.371428571428571,11.666666666666666,0.3142857142857143,0.11428571428571428,0.8,0.3333333333333333,0.0,12.444444444444443,0.019455252918287938,1,0.0038910505836575876,0.0,4,0.11428571428571428
"5. Az ÁSZF elfogadásával a Felhasználó kifejezetten kijelenti és elismeri, hogy jelen ÁSZF rendelkezéseit átolvasta, tudomásul vette, és azokat önmagára nézve kötelezőként ismeri el.",5,182,24,2,6.625,12.0,0.375,0.20833333333333334,0.9166666666666666,1.5,0.0,15.600000000000001,0.027472527472527472,1,0.005494505494505495,0.08333333333333333,1,0.041666666666666664
"6. A Felek a jelen ÁSZF-fel kapcsolatos értesítéseiket írásban közlik egymással. Írásbelinek minősül a személyes átadás, a kézbesítés futárral, postai küldeményként, továbbá elektronikus levélként, ha az elektronikus levél a Felek megjelölt elektronikus levelezési címéről érkezik, és annak kézhezvételét a címzett visszaigazolta.",4,330,41,3,7.073170731707317,13.666666666666666,0.3902439024390244,0.21951219512195122,0.8048780487804879,1.6666666666666667,0.0,18.222222222222225,0.02727272727272727,1,0.0030303030303030303,0.0,1,0.024390243902439025
7. Ellenkező bizonyításának hiányában az értesítést az alábbi időpontokban kell a másik Félhez kézbesítettnek és a másik Fél által olvasottnak tekinteni:,5,153,21,2,6.333333333333333,10.5,0.38095238095238093,0.19047619047619047,0.8571428571428571,0.0,0.0,10.5,0.013071895424836602,1,0.006535947712418301,0.0,1,0.047619047619047616
a) futárral kézbesítés esetén a küldemény feladásától számított 5. napon;,5,73,10,2,6.4,5.0,0.4,0.1,1.0,0.0,0.1,5.0,0.0410958904109589,1,0.0136986301369863,0.0,0,0.0
b) légipostai küldeményként külföldre kézbesítés esetén a feladástól számított 7. napon;,5,88,11,2,7.090909090909091,5.5,0.5454545454545454,0.09090909090909091,1.0,0.0,0.09090909090909091,5.5,0.03409090909090909,1,0.011363636363636364,0.0,0,0.0
c) elektronikus levélként küldés esetén az üzenet elküldésének napját követő 2. munkanap 24:00 órájáig.,5,103,14,2,6.428571428571429,7.0,0.21428571428571427,0.14285714285714285,1.0,0.0,0.07142857142857142,7.0,0.038834951456310676,3,0.04854368932038835,0.0,0,0.0
